time,hour_of_day,zone,temp,renewable_supply,grid_supply,demand
1,1,A,19.8,15.5,104.6,53.92
1,1,B,18.9,7.6,91.2,76.46
1,1,C,20.7,13.1,90.4,50.0
2,2,A,22.4,11.1,93.6,52.91
2,2,B,20.3,14.3,98.6,70.22
2,2,C,21.5,10.4,95.8,50.0
3,3,A,22.2,21.6,94.0,68.96
3,3,B,22.7,14.3,102.2,81.03
3,3,C,20.6,23.3,109.3,59.23
4,4,A,23.2,21.0,103.7,80.4
4,4,B,22.5,25.0,90.7,116.27
4,4,C,23.0,26.6,96.2,65.52
5,5,A,26.1,29.1,109.4,103.02
5,5,B,27.7,36.2,102.0,138.79
5,5,C,24.3,29.2,90.9,74.5
6,6,A,27.6,37.7,106.6,110.94
6,6,B,27.1,40.4,92.8,155.47
6,6,C,26.3,44.9,105.4,85.7
7,7,A,28.1,50.9,104.1,134.16
7,7,B,31.2,43.5,97.2,160.48
7,7,C,31.5,49.0,96.6,98.04
8,8,A,31.2,53.3,104.6,148.35
8,8,B,33.5,54.7,92.4,196.32
8,8,C,33.0,55.6,105.4,117.1
9,9,A,33.7,60.5,90.5,151.43
9,9,B,31.8,62.6,96.3,206.05
9,9,C,35.3,58.7,98.2,132.15
10,10,A,33.8,61.8,95.8,162.09
10,10,B,36.6,69.1,102.7,231.0
10,10,C,36.1,62.8,107.9,136.64
11,11,A,37.0,72.9,96.4,168.66
11,11,B,34.6,68.2,106.4,237.21
11,11,C,33.8,69.1,98.3,135.44
12,12,A,34.5,68.4,108.9,173.71
12,12,B,36.1,72.0,97.3,243.73
12,12,C,37.8,67.5,99.9,139.93
13,13,A,34.9,64.3,102.2,175.46
13,13,B,33.9,66.8,108.2,220.61
13,13,C,34.3,68.9,109.7,135.96
14,14,A,35.6,68.6,94.8,174.33
14,14,B,34.4,67.3,102.7,220.84
14,14,C,33.3,69.3,96.4,129.87
15,15,A,31.8,62.1,103.6,148.66
15,15,B,33.7,58.5,102.9,198.59
15,15,C,34.4,60.1,108.7,121.9
16,16,A,31.4,51.1,108.5,153.25
16,16,B,31.0,56.6,106.3,190.59
16,16,C,32.1,52.4,91.9,123.2
17,17,A,31.7,49.1,96.8,128.36
17,17,B,31.0,51.7,107.7,177.61
17,17,C,30.6,43.6,93.2,111.04
18,18,A,28.4,35.1,92.0,117.47
18,18,B,26.0,36.6,101.0,151.89
18,18,C,28.6,37.2,104.2,87.24
19,19,A,25.2,34.7,103.0,104.06
19,19,B,26.6,32.9,91.9,123.66
19,19,C,25.0,29.7,109.5,75.87
20,20,A,25.6,26.3,105.9,82.85
20,20,B,24.3,24.9,93.9,112.58
20,20,C,23.1,20.2,102.9,60.07
21,21,A,24.1,23.3,108.3,67.03
21,21,B,20.4,23.1,98.6,100.24
21,21,C,24.2,22.3,95.9,53.9
22,22,A,22.5,12.2,93.4,60.42
22,22,B,22.8,16.0,101.4,66.8
22,22,C,21.5,18.9,92.8,50.0
23,23,A,21.8,13.4,103.9,56.99
23,23,B,19.7,9.0,106.2,75.53
23,23,C,21.7,15.2,100.2,50.0
24,0,A,21.2,11.5,104.0,56.52
24,0,B,21.6,8.4,97.5,55.48
24,0,C,20.3,5.4,99.3,50.0
25,1,A,19.4,11.9,90.6,50.0
25,1,B,21.6,9.6,92.5,69.28
25,1,C,21.4,8.2,102.5,50.0
26,2,A,19.3,14.3,100.8,60.44
26,2,B,22.0,18.8,100.3,72.15
26,2,C,22.3,11.7,98.8,50.0
27,3,A,20.4,23.4,106.7,71.69
27,3,B,22.0,15.5,93.1,82.65
27,3,C,22.5,20.9,103.2,51.54
28,4,A,25.8,27.4,101.1,85.13
28,4,B,23.7,22.5,97.1,113.11
28,4,C,22.1,21.2,90.9,57.49
29,5,A,27.4,34.3,99.5,90.13
29,5,B,25.9,32.0,93.5,124.93
29,5,C,25.5,33.4,102.7,70.5
30,6,A,27.5,41.3,100.1,120.88
30,6,B,28.6,36.6,91.4,152.29
30,6,C,26.1,40.9,108.8,91.65
31,7,A,29.6,49.2,99.2,131.24
31,7,B,31.8,46.6,109.2,181.4
31,7,C,28.9,43.5,92.0,96.27
32,8,A,30.4,56.8,91.4,141.58
32,8,B,33.4,50.2,106.3,185.04
32,8,C,30.5,57.0,102.6,122.24
33,9,A,34.6,64.2,95.6,153.28
33,9,B,34.7,64.3,109.8,205.44
33,9,C,33.1,64.0,96.8,134.07
34,10,A,36.4,65.3,105.0,175.25
34,10,B,33.3,70.0,100.1,227.68
34,10,C,34.2,69.9,97.8,127.42
35,11,A,37.3,64.9,96.4,185.61
35,11,B,37.5,69.7,102.6,228.38
35,11,C,34.9,67.3,103.5,144.36
36,12,A,37.2,72.9,91.8,178.49
36,12,B,34.2,70.5,98.8,240.31
36,12,C,35.4,66.2,92.9,146.34
37,13,A,36.2,65.0,91.7,180.07
37,13,B,34.0,72.2,104.1,216.56
37,13,C,34.1,73.8,97.5,137.93
38,14,A,36.2,70.5,109.7,175.13
38,14,B,34.4,61.8,105.5,221.43
38,14,C,34.6,70.0,92.2,135.29
39,15,A,31.7,60.9,91.1,150.65
39,15,B,32.1,62.7,104.9,208.19
39,15,C,35.5,60.0,95.7,134.04
40,16,A,30.9,59.6,90.2,154.85
40,16,B,30.2,58.9,100.6,201.45
40,16,C,30.3,55.5,109.4,116.49
41,17,A,30.6,49.7,99.1,133.38
41,17,B,30.4,51.8,90.9,164.25
41,17,C,31.9,51.7,99.1,107.11
42,18,A,27.1,36.9,99.3,110.62
42,18,B,28.3,35.8,109.5,161.04
42,18,C,28.8,40.4,96.2,96.54
43,19,A,26.7,28.9,108.2,104.27
43,19,B,27.7,34.5,102.3,125.69
43,19,C,27.7,35.9,90.9,71.08
44,20,A,23.5,28.1,109.7,74.76
44,20,B,24.4,23.8,109.4,115.76
44,20,C,25.4,24.7,98.3,62.53
45,21,A,20.6,22.4,106.3,77.87
45,21,B,24.3,19.3,105.4,102.2
45,21,C,23.7,16.3,99.0,50.0
46,22,A,22.9,15.1,94.6,62.92
46,22,B,21.5,12.6,92.3,80.89
46,22,C,21.2,16.7,100.4,52.55
47,23,A,20.5,11.6,107.5,50.36
47,23,B,18.8,6.3,105.1,70.01
47,23,C,21.1,8.2,92.7,50.0
48,0,A,19.4,10.9,97.8,50.0
48,0,B,21.6,8.5,100.3,73.41
48,0,C,19.6,11.2,107.2,50.0
49,1,A,18.9,15.3,99.8,50.0
49,1,B,20.1,15.8,99.9,63.27
49,1,C,20.8,8.4,91.5,50.0
50,2,A,19.6,10.5,92.8,60.66
50,2,B,19.8,12.5,107.9,74.64
50,2,C,21.7,10.7,93.8,50.0
51,3,A,21.0,16.6,93.5,59.85
51,3,B,20.8,18.4,94.1,84.84
51,3,C,22.4,20.7,90.8,59.81
52,4,A,24.5,20.8,107.5,90.67
52,4,B,22.2,22.8,106.1,111.88
52,4,C,22.7,22.1,97.4,64.83
53,5,A,26.4,30.9,99.3,102.62
53,5,B,24.1,29.8,104.3,135.75
53,5,C,26.0,32.6,92.1,77.14
54,6,A,28.1,37.4,95.4,111.6
54,6,B,26.1,38.2,94.2,142.48
54,6,C,26.5,43.9,101.9,93.47
55,7,A,31.2,47.7,91.7,131.87
55,7,B,30.4,50.2,98.6,160.26
55,7,C,29.2,46.4,102.9,105.24
56,8,A,31.4,59.9,102.1,140.44
56,8,B,30.4,51.5,94.9,179.94
56,8,C,30.7,52.9,93.5,122.63
57,9,A,32.0,61.5,98.2,168.07
57,9,B,32.1,60.2,109.4,215.52
57,9,C,34.9,58.8,93.4,130.6
58,10,A,36.6,66.5,101.4,165.86
58,10,B,36.0,62.9,96.5,219.01
58,10,C,35.0,63.4,92.3,137.34
59,11,A,34.9,69.8,93.1,175.03
59,11,B,35.9,64.5,96.7,219.17
59,11,C,34.0,73.9,96.4,144.92
60,12,A,35.0,71.8,105.2,179.41
60,12,B,35.9,69.1,97.0,242.5
60,12,C,37.3,74.7,92.5,146.61
61,13,A,37.5,65.8,91.3,181.53
61,13,B,36.0,72.4,92.8,236.42
61,13,C,34.5,65.6,93.3,145.2
62,14,A,35.6,66.2,97.2,177.31
62,14,B,34.5,69.1,98.8,216.78
62,14,C,34.8,64.0,105.0,135.53
63,15,A,32.6,65.2,97.7,159.6
63,15,B,35.3,62.5,92.3,219.53
63,15,C,34.2,59.6,92.8,132.33
64,16,A,32.5,55.3,107.9,152.02
64,16,B,30.6,53.1,95.0,195.23
64,16,C,30.1,55.7,105.2,122.07
65,17,A,29.4,51.0,92.2,137.16
65,17,B,28.6,46.7,105.9,159.68
65,17,C,29.0,50.0,104.4,106.28
66,18,A,28.8,40.4,95.0,111.31
66,18,B,26.7,44.1,101.7,144.78
66,18,C,27.8,44.5,93.1,92.5
67,19,A,26.0,33.3,90.4,104.91
67,19,B,27.7,32.9,103.9,138.8
67,19,C,26.8,28.8,101.5,80.0
68,20,A,23.7,27.4,108.7,90.36
68,20,B,23.8,21.1,109.7,115.28
68,20,C,22.5,29.2,107.4,65.3
69,21,A,22.7,17.8,91.1,65.63
69,21,B,23.6,13.8,96.7,87.54
69,21,C,22.5,23.0,96.9,52.61
70,22,A,22.0,13.5,94.5,58.09
70,22,B,19.6,10.8,100.0,73.08
70,22,C,22.7,12.6,101.6,50.0
71,23,A,18.3,12.7,93.6,60.42
71,23,B,18.9,10.2,91.7,79.86
71,23,C,20.3,12.0,91.3,50.0
72,0,A,18.8,14.0,94.1,50.0
72,0,B,18.1,9.7,101.3,52.47
72,0,C,21.1,9.5,100.5,50.0
73,1,A,19.9,11.6,93.1,50.0
73,1,B,21.7,15.5,97.5,62.8
73,1,C,20.8,10.1,90.5,50.0
74,2,A,21.9,15.6,90.5,53.43
74,2,B,20.0,15.7,90.4,65.16
74,2,C,22.3,10.8,103.1,50.0
75,3,A,20.7,16.2,104.4,75.04
75,3,B,23.7,17.8,103.4,82.58
75,3,C,21.5,22.8,90.3,50.0
76,4,A,22.8,20.3,93.6,83.06
76,4,B,23.7,28.9,106.3,102.29
76,4,C,23.0,23.8,101.8,61.49
77,5,A,26.4,31.3,101.0,96.39
77,5,B,25.1,36.7,105.3,116.77
77,5,C,27.4,32.1,107.9,83.33
78,6,A,27.7,35.2,95.4,114.68
78,6,B,28.5,37.6,92.8,157.23
78,6,C,29.9,40.3,93.4,88.32
79,7,A,28.1,51.9,92.4,131.11
79,7,B,29.2,48.3,103.0,177.74
79,7,C,28.9,42.9,92.7,110.38
80,8,A,33.5,56.0,102.0,150.05
80,8,B,30.7,59.1,98.4,185.92
80,8,C,32.1,50.5,93.3,120.65
81,9,A,32.0,62.2,94.9,156.21
81,9,B,32.8,59.8,104.4,201.2
81,9,C,33.9,61.0,103.3,134.49
82,10,A,35.9,63.1,90.6,165.16
82,10,B,35.3,61.5,99.9,223.01
82,10,C,34.3,68.7,92.1,128.49
83,11,A,36.6,68.9,103.8,174.95
83,11,B,34.7,72.2,106.0,232.96
83,11,C,34.8,69.9,97.2,133.75
84,12,A,37.7,66.4,109.0,177.77
84,12,B,34.7,70.4,107.5,236.59
84,12,C,37.2,71.6,103.8,148.47
85,13,A,34.7,68.9,94.4,185.06
85,13,B,37.5,64.4,104.1,240.77
85,13,C,34.4,69.7,108.3,132.67
86,14,A,35.7,64.0,108.5,179.23
86,14,B,36.7,65.7,107.2,230.36
86,14,C,34.2,69.3,90.7,136.79
87,15,A,32.6,57.4,91.5,162.65
87,15,B,33.0,63.5,91.3,201.8
87,15,C,33.8,64.1,96.4,129.48
88,16,A,33.5,56.2,94.7,137.24
88,16,B,33.5,50.2,107.5,191.53
88,16,C,33.8,58.0,110.0,115.13
89,17,A,31.1,46.8,99.6,133.63
89,17,B,31.6,52.6,105.4,168.59
89,17,C,29.8,50.1,94.8,98.11
90,18,A,27.4,37.9,95.9,108.37
90,18,B,26.2,35.2,109.8,145.15
90,18,C,27.5,41.8,94.4,98.2
91,19,A,27.1,28.1,98.4,105.6
91,19,B,27.7,31.9,102.3,119.16
91,19,C,27.9,29.6,108.9,81.13
92,20,A,24.4,25.1,94.6,75.73
92,20,B,22.9,21.9,105.6,101.99
92,20,C,22.2,29.7,107.7,71.72
93,21,A,24.3,15.5,97.9,74.89
93,21,B,23.1,15.3,106.3,82.7
93,21,C,21.2,19.2,101.9,55.82
94,22,A,19.4,17.8,95.3,50.33
94,22,B,22.6,18.6,107.2,85.19
94,22,C,21.7,14.5,91.7,50.0
95,23,A,19.8,8.6,104.5,51.86
95,23,B,18.6,8.2,103.7,55.73
95,23,C,21.7,11.0,99.6,50.0
96,0,A,21.3,8.5,103.6,51.96
96,0,B,19.1,13.8,105.9,68.53
96,0,C,21.4,13.7,104.2,50.0
97,1,A,21.1,12.8,102.4,57.65
97,1,B,18.9,14.8,107.4,54.7
97,1,C,21.6,7.3,96.7,50.0
98,2,A,19.7,17.2,106.6,58.04
98,2,B,19.1,11.9,102.3,87.38
98,2,C,21.6,11.6,102.7,50.0
99,3,A,23.5,14.9,105.2,70.15
99,3,B,24.2,17.2,102.7,101.81
99,3,C,20.8,23.2,103.8,50.0
100,4,A,23.2,27.1,91.3,83.24
100,4,B,23.4,26.2,90.9,115.87
100,4,C,25.9,29.7,105.0,60.44
101,5,A,27.0,27.5,90.4,94.44
101,5,B,25.9,34.9,103.7,125.24
101,5,C,25.0,37.2,98.5,76.8
102,6,A,26.7,42.9,103.9,107.77
102,6,B,26.3,41.8,103.1,141.2
102,6,C,29.8,36.5,98.6,99.02
103,7,A,29.7,49.1,98.0,125.86
103,7,B,32.0,46.9,107.9,163.97
103,7,C,28.9,43.1,103.0,101.88
104,8,A,33.5,54.7,109.4,140.46
104,8,B,33.5,57.8,105.4,199.74
104,8,C,33.0,56.3,92.6,109.72
105,9,A,35.3,62.4,105.9,159.71
105,9,B,32.1,57.5,103.7,204.21
105,9,C,32.5,61.1,91.3,128.25
106,10,A,34.0,69.0,96.2,168.07
106,10,B,33.0,61.7,97.8,218.48
106,10,C,35.3,63.9,103.9,141.45
107,11,A,36.8,64.4,99.6,168.45
107,11,B,34.7,73.8,92.8,227.87
107,11,C,36.2,71.0,101.2,133.0
108,12,A,35.3,70.2,91.8,174.66
108,12,B,34.1,65.8,97.9,220.62
108,12,C,36.3,71.9,106.0,137.72
109,13,A,34.4,65.0,102.7,179.29
109,13,B,33.9,73.3,91.0,228.45
109,13,C,36.6,72.7,104.3,145.83
110,14,A,34.3,69.1,91.6,177.01
110,14,B,35.1,69.2,99.0,224.1
110,14,C,35.0,68.3,91.6,128.53
111,15,A,32.6,57.8,107.4,153.11
111,15,B,35.6,59.6,93.6,215.83
111,15,C,34.3,61.2,101.1,131.17
112,16,A,30.9,60.0,109.5,148.46
112,16,B,30.8,56.8,91.4,176.82
112,16,C,31.0,54.6,107.4,120.03
113,17,A,31.0,47.0,96.9,128.45
113,17,B,32.0,43.2,107.3,173.03
113,17,C,29.8,50.0,99.7,110.32
114,18,A,29.6,39.2,95.5,116.65
114,18,B,29.6,37.1,102.5,152.66
114,18,C,28.9,36.3,104.3,98.1
115,19,A,24.6,29.6,109.4,90.39
115,19,B,27.3,32.2,94.9,137.2
115,19,C,25.7,32.4,97.2,79.34
116,20,A,22.7,23.9,109.4,76.51
116,20,B,24.6,23.3,105.5,97.39
116,20,C,25.9,24.5,94.7,59.54
117,21,A,21.0,19.0,96.7,74.65
117,21,B,22.1,16.3,102.3,94.59
117,21,C,21.0,15.5,90.7,58.24
118,22,A,21.7,13.8,106.9,65.0
118,22,B,21.4,17.7,94.1,66.27
118,22,C,20.2,9.6,100.6,53.5
119,23,A,18.4,7.2,99.0,59.92
119,23,B,19.5,11.1,90.8,58.19
119,23,C,22.2,15.7,90.1,50.0
120,0,A,20.6,13.7,99.1,50.61
120,0,B,20.0,11.7,92.8,52.78
120,0,C,19.2,12.0,94.0,50.0
121,1,A,22.2,7.0,103.5,52.02
121,1,B,21.7,7.8,103.9,77.55
121,1,C,22.1,12.9,99.9,50.0
122,2,A,22.5,14.7,90.6,67.91
122,2,B,21.8,15.8,94.3,80.75
122,2,C,20.6,15.5,92.1,50.0
123,3,A,24.3,14.3,109.5,67.86
123,3,B,23.8,21.6,101.3,96.52
123,3,C,23.9,17.8,96.5,58.3
124,4,A,25.2,27.6,106.0,81.31
124,4,B,25.3,21.2,100.9,94.59
124,4,C,23.3,23.7,97.9,68.45
125,5,A,25.5,31.7,94.8,94.69
125,5,B,24.8,28.0,102.1,130.31
125,5,C,26.4,31.9,97.6,83.95
126,6,A,28.1,39.8,90.5,110.87
126,6,B,27.5,39.0,101.6,148.75
126,6,C,28.4,42.6,106.3,94.85
127,7,A,31.9,42.9,93.9,121.63
127,7,B,30.7,51.7,94.9,181.25
127,7,C,28.3,52.1,97.0,97.37
128,8,A,31.9,52.6,95.7,142.1
128,8,B,33.2,55.4,96.2,193.45
128,8,C,32.9,52.7,98.3,111.11
129,9,A,32.4,63.0,93.6,159.13
129,9,B,34.5,57.3,101.3,201.25
129,9,C,35.5,61.0,106.1,128.94
130,10,A,33.1,67.3,109.0,170.54
130,10,B,36.2,69.8,94.6,213.59
130,10,C,35.4,65.1,106.8,142.13
131,11,A,35.1,66.3,105.6,171.0
131,11,B,37.0,68.2,103.4,218.88
131,11,C,36.2,68.5,101.7,135.53
132,12,A,36.9,73.6,94.3,170.36
132,12,B,34.1,71.4,102.1,231.38
132,12,C,34.9,68.9,101.9,141.91
133,13,A,37.7,65.3,103.9,174.89
133,13,B,35.4,71.2,103.8,241.12
133,13,C,34.2,65.0,104.5,141.3
134,14,A,34.0,61.8,91.7,176.85
134,14,B,33.7,64.2,94.5,215.68
134,14,C,33.2,66.2,91.4,139.65
135,15,A,32.6,61.6,107.6,161.74
135,15,B,33.8,59.5,96.7,211.53
135,15,C,35.6,62.8,101.2,131.87
136,16,A,31.9,50.6,101.2,155.1
136,16,B,30.7,56.9,94.0,189.89
136,16,C,30.4,54.5,105.1,113.72
137,17,A,30.7,50.7,108.5,125.57
137,17,B,29.7,44.3,109.8,180.59
137,17,C,30.2,51.2,100.4,106.48
138,18,A,26.4,42.6,92.6,119.72
138,18,B,29.1,42.1,90.7,143.8
138,18,C,27.1,38.6,91.8,97.83
139,19,A,26.1,30.3,97.9,96.46
139,19,B,26.3,32.4,108.4,126.83
139,19,C,27.9,35.7,94.2,85.63
140,20,A,22.5,28.2,97.6,88.81
140,20,B,25.5,28.1,105.8,102.5
140,20,C,22.3,24.0,93.5,68.04
141,21,A,21.7,23.5,102.8,74.87
141,21,B,20.9,22.4,108.5,88.09
141,21,C,22.8,21.4,93.5,55.22
142,22,A,20.7,10.5,97.4,50.0
142,22,B,19.2,10.4,109.3,76.22
142,22,C,22.9,13.3,96.2,50.0
143,23,A,20.0,7.1,102.8,50.0
143,23,B,20.8,12.5,93.0,56.77
143,23,C,21.4,10.6,91.2,50.11
144,0,A,18.2,12.0,109.7,50.0
144,0,B,18.6,6.2,96.1,53.72
144,0,C,20.8,5.6,100.2,50.0
145,1,A,21.5,12.2,96.1,55.27
145,1,B,20.4,10.3,92.6,77.97
145,1,C,20.1,8.0,97.4,50.0
146,2,A,22.4,16.4,105.4,50.0
146,2,B,20.7,13.8,90.4,69.66
146,2,C,22.1,10.4,100.7,50.0
147,3,A,20.4,16.2,109.5,73.8
147,3,B,24.2,18.7,92.2,91.82
147,3,C,22.2,22.2,92.0,54.75
148,4,A,22.6,23.2,104.7,80.82
148,4,B,23.5,23.9,99.2,113.69
148,4,C,25.6,29.6,105.7,63.29
149,5,A,26.7,31.6,95.1,104.64
149,5,B,24.1,36.3,99.2,129.04
149,5,C,26.6,36.2,102.7,80.04
150,6,A,26.3,40.2,93.0,117.9
150,6,B,28.0,41.8,90.8,137.4
150,6,C,28.9,35.7,91.4,83.75
151,7,A,31.9,50.1,97.1,127.41
151,7,B,29.5,50.5,103.2,161.18
151,7,C,28.8,43.7,103.2,108.17
152,8,A,31.1,50.2,91.6,154.91
152,8,B,31.2,57.7,102.5,186.21
152,8,C,30.8,51.2,102.3,120.71
153,9,A,34.2,61.5,90.8,168.9
153,9,B,34.9,59.1,109.6,210.49
153,9,C,34.0,63.7,106.2,130.04
154,10,A,33.4,64.4,108.6,163.15
154,10,B,34.4,65.3,98.8,222.85
154,10,C,36.7,63.4,92.4,131.41
155,11,A,37.3,70.4,95.7,182.92
155,11,B,37.2,72.4,108.4,223.08
155,11,C,36.7,68.6,106.8,144.7
156,12,A,37.1,71.6,93.5,179.45
156,12,B,37.9,74.4,90.9,223.92
156,12,C,34.5,72.3,106.4,137.22
157,13,A,35.8,72.4,104.7,176.7
157,13,B,36.1,69.1,96.0,230.5
157,13,C,36.5,72.7,102.7,145.14
158,14,A,33.6,65.6,90.2,163.7
158,14,B,35.8,70.9,92.0,218.26
158,14,C,36.1,63.0,101.1,139.74
159,15,A,34.1,58.1,97.1,165.15
159,15,B,33.9,56.3,105.2,195.11
159,15,C,34.6,58.2,109.2,125.67
160,16,A,31.3,51.5,96.1,153.18
160,16,B,34.0,53.7,99.0,196.87
160,16,C,33.5,55.9,97.8,116.0
161,17,A,30.9,42.8,102.4,128.09
161,17,B,31.2,43.7,101.8,169.97
161,17,C,30.6,43.4,101.6,105.65
162,18,A,28.2,41.0,103.5,120.2
162,18,B,27.1,43.3,100.0,136.62
162,18,C,26.2,38.3,105.7,93.8
163,19,A,27.1,32.4,98.8,90.97
163,19,B,25.2,31.6,91.8,118.93
163,19,C,26.3,34.6,110.0,85.03
164,20,A,24.6,24.2,102.7,88.01
164,20,B,22.5,24.1,106.8,102.6
164,20,C,24.3,25.9,93.7,63.52
165,21,A,21.7,14.0,90.5,75.06
165,21,B,21.4,19.0,96.0,100.21
165,21,C,21.4,18.1,107.5,60.09
166,22,A,19.8,17.0,99.2,57.6
166,22,B,19.6,9.8,104.6,75.1
166,22,C,20.8,16.3,105.3,50.0
167,23,A,20.7,7.4,105.0,55.53
167,23,B,22.1,6.7,91.1,63.36
167,23,C,19.3,8.5,108.1,50.0
168,0,A,19.1,12.6,99.0,55.08
168,0,B,18.3,9.9,90.7,52.52
168,0,C,21.6,6.4,100.6,50.0
169,1,A,19.7,15.0,90.4,55.17
169,1,B,22.1,11.6,108.7,57.38
169,1,C,19.9,8.6,104.6,50.0
170,2,A,20.1,15.6,94.0,59.4
170,2,B,20.9,18.7,102.2,72.12
170,2,C,19.5,10.5,94.5,50.0
171,3,A,23.7,19.4,100.5,61.72
171,3,B,23.8,21.0,91.4,95.72
171,3,C,22.5,14.6,99.2,54.81
172,4,A,22.7,29.5,107.0,84.73
172,4,B,23.8,24.1,103.0,107.65
172,4,C,22.2,25.1,106.1,64.23
173,5,A,24.1,35.1,94.0,91.69
173,5,B,24.6,30.5,105.1,126.31
173,5,C,24.7,36.0,107.6,83.39
174,6,A,27.0,39.5,109.7,118.94
174,6,B,26.1,35.7,99.3,157.6
174,6,C,28.2,40.0,92.1,93.79
175,7,A,31.4,46.6,105.5,140.52
175,7,B,28.9,48.0,95.7,176.59
175,7,C,30.4,49.1,106.0,102.92
176,8,A,33.7,55.3,93.2,150.77
176,8,B,33.2,53.2,107.1,201.14
176,8,C,31.1,59.8,92.8,111.67
177,9,A,32.4,65.2,103.1,151.67
177,9,B,33.4,62.4,91.7,216.81
177,9,C,34.9,61.3,109.3,126.59
178,10,A,36.9,67.7,102.7,163.73
178,10,B,36.5,65.3,93.2,208.6
178,10,C,35.2,66.3,104.4,141.89
179,11,A,34.0,71.3,93.7,182.12
179,11,B,37.0,69.4,104.2,224.57
179,11,C,35.6,72.2,99.2,138.33
180,12,A,36.0,73.3,96.7,171.48
180,12,B,36.8,73.3,92.0,225.16
180,12,C,34.6,68.5,99.0,145.82
181,13,A,36.3,70.2,97.0,182.93
181,13,B,35.6,73.8,102.7,218.77
181,13,C,36.4,67.2,103.7,134.04
182,14,A,33.6,69.5,94.5,175.5
182,14,B,34.0,67.4,103.9,219.98
182,14,C,34.1,63.1,90.7,132.07
183,15,A,34.3,65.6,107.4,164.9
183,15,B,34.8,62.9,95.2,218.36
183,15,C,34.3,61.8,92.2,126.81
184,16,A,31.8,58.6,100.9,143.51
184,16,B,33.9,51.1,98.5,179.13
184,16,C,33.0,59.2,95.6,122.93
185,17,A,29.2,51.9,105.1,136.23
185,17,B,28.1,52.4,104.5,163.38
185,17,C,31.4,45.6,107.5,98.78
186,18,A,28.8,40.4,91.9,109.24
186,18,B,26.0,39.7,96.0,149.46
186,18,C,27.2,38.0,104.9,83.65
187,19,A,27.5,35.8,103.4,100.09
187,19,B,27.5,29.1,91.6,120.91
187,19,C,27.1,27.6,101.7,86.34
188,20,A,25.4,25.2,91.3,89.33
188,20,B,24.4,21.1,91.9,117.51
188,20,C,24.7,28.3,107.6,67.03
189,21,A,22.4,18.1,96.3,67.47
189,21,B,23.4,19.8,107.9,88.58
189,21,C,22.8,20.1,101.8,58.42
190,22,A,20.0,14.1,92.1,55.73
190,22,B,21.0,15.5,109.0,78.72
190,22,C,22.0,14.1,102.7,50.0
191,23,A,19.3,9.6,99.4,50.0
191,23,B,18.8,8.8,109.4,62.49
191,23,C,20.2,8.0,102.2,50.0
192,0,A,18.8,10.2,90.1,50.0
192,0,B,18.9,5.4,92.2,60.1
192,0,C,21.2,10.7,100.3,50.0
193,1,A,22.0,10.0,91.7,55.39
193,1,B,18.7,9.5,100.1,76.54
193,1,C,20.2,13.0,109.9,50.0
194,2,A,20.2,13.0,98.4,56.36
194,2,B,22.7,16.2,102.2,72.25
194,2,C,22.4,18.6,106.4,50.0
195,3,A,22.9,14.3,95.2,60.21
195,3,B,22.8,20.7,92.3,86.65
195,3,C,22.2,17.5,92.4,53.64
196,4,A,25.0,20.7,91.6,79.6
196,4,B,25.8,26.7,103.6,104.18
196,4,C,24.4,20.1,102.7,72.37
197,5,A,26.4,36.0,104.5,90.08
197,5,B,27.5,27.9,100.7,118.38
197,5,C,24.0,31.5,95.9,76.95
198,6,A,28.3,35.4,92.5,115.32
198,6,B,27.4,42.3,103.0,156.8
198,6,C,28.8,39.3,103.5,87.93
199,7,A,29.3,50.7,98.9,136.15
199,7,B,31.4,51.3,108.3,168.8
199,7,C,29.3,48.6,97.4,105.76
200,8,A,32.8,56.9,97.5,139.74
200,8,B,31.7,51.4,107.8,185.6
200,8,C,30.6,50.3,102.9,118.43
201,9,A,33.0,56.9,98.2,155.15
201,9,B,34.4,62.3,97.3,200.18
201,9,C,35.6,60.8,103.8,122.43
202,10,A,34.9,61.3,100.1,178.69
202,10,B,34.5,61.4,90.6,217.06
202,10,C,33.6,61.2,105.1,134.35
203,11,A,34.9,73.0,92.3,184.52
203,11,B,35.0,72.9,102.1,236.59
203,11,C,37.7,66.9,109.2,139.68
204,12,A,35.5,68.4,100.8,170.83
204,12,B,36.2,70.4,105.2,240.2
204,12,C,35.8,68.0,95.2,137.43
205,13,A,34.0,67.4,95.4,184.28
205,13,B,36.0,67.5,101.6,219.36
205,13,C,35.5,70.2,99.8,138.99
206,14,A,36.9,69.8,102.5,171.8
206,14,B,35.4,63.0,97.9,208.59
206,14,C,34.8,66.4,94.6,142.91
207,15,A,35.3,63.4,100.7,167.48
207,15,B,32.2,64.1,92.5,213.73
207,15,C,32.8,65.0,108.9,121.44
208,16,A,31.9,59.8,99.7,153.22
208,16,B,32.4,53.8,95.7,182.34
208,16,C,33.0,53.9,100.2,117.08
209,17,A,30.4,51.4,109.6,128.88
209,17,B,31.4,50.4,101.5,182.46
209,17,C,28.9,43.9,107.1,103.01
210,18,A,29.4,43.9,91.2,122.37
210,18,B,27.8,40.1,102.5,159.16
210,18,C,26.1,39.8,103.8,94.0
211,19,A,26.7,28.6,96.0,95.0
211,19,B,27.1,30.0,94.2,139.32
211,19,C,24.0,37.2,103.5,82.43
212,20,A,23.2,20.1,104.8,88.28
212,20,B,25.0,21.4,105.1,114.24
212,20,C,24.6,27.7,106.9,67.66
213,21,A,20.7,18.7,91.6,66.07
213,21,B,22.0,14.4,97.0,79.03
213,21,C,23.6,23.3,91.4,62.78
214,22,A,21.2,12.0,91.5,58.65
214,22,B,22.2,16.1,91.0,65.78
214,22,C,20.7,12.0,94.6,50.0
215,23,A,21.5,15.3,98.1,60.92
215,23,B,19.6,10.8,94.5,71.05
215,23,C,22.2,12.1,97.2,50.0
216,0,A,18.5,13.9,100.1,50.0
216,0,B,20.3,11.2,91.4,69.94
216,0,C,19.0,12.1,106.5,50.0
217,1,A,20.5,11.2,92.9,57.8
217,1,B,19.4,11.0,95.7,57.75
217,1,C,20.8,6.6,105.0,50.0
218,2,A,19.1,14.1,90.9,53.11
218,2,B,21.9,9.6,106.8,63.78
218,2,C,20.1,16.4,96.3,50.0
219,3,A,21.8,16.5,106.9,64.74
219,3,B,23.5,22.7,98.7,100.78
219,3,C,21.9,23.4,91.8,57.81
220,4,A,24.0,23.9,102.7,86.08
220,4,B,22.0,21.7,104.3,109.63
220,4,C,25.9,27.6,109.0,69.6
221,5,A,25.1,28.3,105.6,99.9
221,5,B,24.1,30.8,109.1,125.49
221,5,C,25.7,31.8,94.2,75.76
222,6,A,27.5,35.5,105.4,112.08
222,6,B,29.3,43.5,94.2,153.14
222,6,C,27.9,43.8,94.3,94.01
223,7,A,30.5,45.7,92.7,133.81
223,7,B,31.0,45.9,102.9,167.61
223,7,C,30.9,44.8,107.8,101.38
224,8,A,31.5,50.6,92.2,146.07
224,8,B,31.1,58.4,90.3,186.07
224,8,C,31.3,50.2,92.5,115.14
225,9,A,33.6,60.3,100.6,161.13
225,9,B,31.7,60.9,109.3,206.25
225,9,C,34.4,59.3,105.5,132.07
226,10,A,35.0,70.7,92.5,159.8
226,10,B,36.0,69.1,92.4,214.86
226,10,C,33.0,63.9,105.5,135.06
227,11,A,35.1,67.7,90.0,171.5
227,11,B,36.3,73.7,106.9,216.55
227,11,C,37.3,71.8,105.6,140.61
228,12,A,35.6,68.0,91.3,172.36
228,12,B,35.0,69.8,104.9,230.07
228,12,C,34.2,74.6,108.9,146.24
229,13,A,37.7,69.4,109.3,168.32
229,13,B,35.2,66.2,93.9,218.88
229,13,C,36.2,71.8,101.6,135.2
230,14,A,36.2,67.3,97.8,173.54
230,14,B,34.0,64.4,108.3,214.2
230,14,C,34.8,69.9,104.2,128.48
231,15,A,32.2,56.3,102.6,157.48
231,15,B,32.2,65.8,100.6,199.37
231,15,C,33.7,63.0,91.5,123.82
232,16,A,33.2,54.6,100.9,145.26
232,16,B,30.2,51.7,98.9,181.07
232,16,C,30.2,58.4,109.6,120.77
233,17,A,31.5,45.2,109.2,125.22
233,17,B,31.9,52.7,104.2,183.43
233,17,C,30.3,45.4,98.7,106.04
234,18,A,26.3,41.2,109.6,106.95
234,18,B,29.2,44.1,108.9,160.94
234,18,C,28.1,44.8,105.1,85.83
235,19,A,25.8,34.4,94.9,100.18
235,19,B,26.6,28.9,101.3,134.16
235,19,C,25.9,27.4,90.2,75.65
236,20,A,25.7,22.3,102.7,77.29
236,20,B,23.3,28.5,104.6,95.63
236,20,C,23.7,20.3,99.6,68.08
237,21,A,20.8,16.7,98.0,76.36
237,21,B,24.3,14.2,105.2,87.31
237,21,C,21.9,21.3,108.4,62.03
238,22,A,21.4,12.6,105.8,53.76
238,22,B,21.3,12.6,103.1,69.55
238,22,C,19.8,18.2,92.0,50.0
239,23,A,19.2,6.4,90.7,50.0
239,23,B,21.7,8.8,109.0,70.88
239,23,C,20.0,11.8,100.3,50.0
240,0,A,19.1,8.5,107.9,58.48
240,0,B,21.6,9.2,105.6,65.42
240,0,C,20.0,7.0,101.8,50.0
241,1,A,19.6,14.6,94.1,50.0
241,1,B,18.5,15.4,100.1,64.33
241,1,C,21.5,14.4,96.6,50.0
242,2,A,22.2,15.6,93.0,66.66
242,2,B,21.2,11.8,98.5,64.21
242,2,C,19.6,16.7,90.0,50.0
243,3,A,22.4,14.3,109.5,63.3
243,3,B,21.6,16.8,94.6,75.92
243,3,C,23.3,23.5,94.5,57.99
244,4,A,25.0,28.5,98.5,78.56
244,4,B,23.3,27.1,106.3,97.87
244,4,C,23.5,29.0,106.1,73.16
245,5,A,26.9,31.2,101.8,101.14
245,5,B,24.2,32.7,104.2,116.89
245,5,C,27.1,33.1,109.0,71.1
246,6,A,27.1,41.0,95.9,117.84
246,6,B,29.0,36.0,100.3,149.08
246,6,C,27.5,44.3,106.6,94.16
247,7,A,30.9,47.4,108.4,134.87
247,7,B,31.0,51.4,95.5,178.32
247,7,C,28.9,46.2,96.7,111.64
248,8,A,33.4,57.0,104.5,147.94
248,8,B,33.8,55.0,97.6,182.21
248,8,C,33.1,57.3,97.7,109.64
249,9,A,35.0,56.3,104.1,169.33
249,9,B,33.4,58.6,104.1,215.11
249,9,C,33.8,65.9,91.0,127.54
250,10,A,35.8,69.6,93.6,175.86
250,10,B,35.1,64.9,92.6,229.86
250,10,C,33.6,64.1,95.8,140.95
251,11,A,36.4,71.9,95.0,178.65
251,11,B,36.0,72.3,108.1,216.06
251,11,C,36.4,64.5,101.0,137.53
252,12,A,35.2,68.5,102.4,174.28
252,12,B,36.9,69.0,91.4,239.36
252,12,C,35.1,69.3,103.7,139.36
253,13,A,34.0,67.7,108.9,177.79
253,13,B,36.4,70.3,94.0,226.88
253,13,C,36.7,65.0,95.6,137.47
254,14,A,34.7,70.8,91.4,169.69
254,14,B,33.6,70.7,92.3,216.88
254,14,C,35.9,68.0,98.5,133.47
255,15,A,33.2,58.9,94.1,158.69
255,15,B,32.7,59.1,103.1,218.59
255,15,C,34.1,57.0,91.5,134.8
256,16,A,31.2,50.9,102.0,148.07
256,16,B,32.6,52.7,90.3,202.28
256,16,C,31.0,56.8,104.1,118.16
257,17,A,29.3,45.5,102.0,137.5
257,17,B,31.9,43.8,93.1,182.49
257,17,C,31.0,51.6,94.1,106.22
258,18,A,28.8,41.8,98.2,104.71
258,18,B,28.3,37.5,99.0,160.29
258,18,C,27.6,43.4,93.8,93.8
259,19,A,27.8,28.3,90.2,97.04
259,19,B,24.3,34.7,108.3,123.89
259,19,C,25.0,31.6,104.5,69.72
260,20,A,24.4,26.1,102.8,77.04
260,20,B,24.9,20.9,94.0,117.0
260,20,C,25.0,20.1,95.0,61.43
261,21,A,21.4,16.3,91.3,67.45
261,21,B,23.3,19.9,103.5,79.1
261,21,C,24.1,22.2,106.1,60.87
262,22,A,22.8,14.5,94.0,61.77
262,22,B,22.0,16.4,100.4,65.53
262,22,C,20.6,18.2,101.7,50.0
263,23,A,19.3,9.7,107.9,55.02
263,23,B,21.4,10.6,102.6,62.03
263,23,C,21.1,10.3,98.9,50.0
264,0,A,21.7,5.6,106.5,50.0
264,0,B,19.8,5.2,96.0,64.94
264,0,C,18.2,9.9,108.5,50.0
265,1,A,21.3,10.1,103.1,50.0
265,1,B,18.9,7.6,91.4,58.77
265,1,C,20.9,14.8,106.3,50.0
266,2,A,19.5,11.9,96.2,52.79
266,2,B,21.1,14.4,97.1,72.36
266,2,C,22.4,16.9,96.2,54.01
267,3,A,24.2,17.1,97.1,69.79
267,3,B,24.1,22.5,92.1,87.72
267,3,C,22.6,18.8,93.9,60.84
268,4,A,24.7,28.4,107.2,87.32
268,4,B,23.8,26.1,93.2,110.98
268,4,C,22.7,26.9,94.6,58.96
269,5,A,24.6,27.3,104.4,101.42
269,5,B,26.0,28.8,91.7,114.21
269,5,C,24.6,36.1,94.8,75.09
270,6,A,26.4,37.2,100.4,115.36
270,6,B,27.0,35.6,97.8,140.64
270,6,C,26.9,44.6,102.3,91.67
271,7,A,29.7,47.1,100.8,134.31
271,7,B,30.9,44.5,100.0,167.98
271,7,C,31.6,49.1,100.7,98.91
272,8,A,32.4,51.2,96.7,139.06
272,8,B,32.8,52.1,97.8,200.61
272,8,C,30.8,55.1,98.4,108.61
273,9,A,34.8,56.9,99.5,161.04
273,9,B,34.2,63.1,95.1,194.64
273,9,C,34.6,61.6,106.7,132.92
274,10,A,36.3,65.8,96.7,175.94
274,10,B,34.7,62.8,107.1,230.05
274,10,C,34.8,61.7,97.8,140.35
275,11,A,37.3,66.0,91.3,184.15
275,11,B,35.3,69.4,109.4,217.02
275,11,C,36.3,64.7,97.5,145.75
276,12,A,35.7,75.0,101.2,174.27
276,12,B,34.9,68.5,97.5,219.47
276,12,C,35.5,69.6,104.5,144.71
277,13,A,36.6,64.1,94.4,179.49
277,13,B,35.7,64.0,106.1,235.64
277,13,C,35.9,64.6,105.3,142.06
278,14,A,36.1,68.5,106.1,170.37
278,14,B,33.5,67.7,102.4,225.62
278,14,C,33.6,62.9,107.8,139.01
279,15,A,35.3,63.8,101.9,163.16
279,15,B,35.2,62.0,102.6,199.1
279,15,C,33.6,63.4,95.4,122.62
280,16,A,31.3,52.4,94.3,144.15
280,16,B,33.6,55.1,93.8,179.84
280,16,C,32.8,53.8,106.4,119.67
281,17,A,31.3,45.5,103.8,126.46
281,17,B,31.8,49.1,96.5,164.87
281,17,C,28.8,49.7,94.4,105.47
282,18,A,27.1,41.6,106.3,119.11
282,18,B,29.0,36.9,91.8,154.02
282,18,C,27.5,39.3,90.6,87.15
283,19,A,24.1,36.0,94.9,97.67
283,19,B,24.1,33.9,96.5,135.82
283,19,C,27.5,30.5,108.0,86.52
284,20,A,25.3,28.4,95.0,84.18
284,20,B,22.3,20.9,110.0,100.99
284,20,C,25.0,28.1,107.2,73.96
285,21,A,21.3,14.2,98.2,60.83
285,21,B,20.4,17.4,105.7,89.83
285,21,C,21.6,20.3,94.6,50.0
286,22,A,22.1,15.3,105.2,50.0
286,22,B,22.4,15.2,101.3,80.25
286,22,C,22.5,14.9,101.6,55.28
287,23,A,21.3,10.4,104.1,50.48
287,23,B,19.2,12.0,108.6,78.3
287,23,C,19.6,11.3,94.2,50.0
288,0,A,21.9,11.5,106.1,55.25
288,0,B,20.4,5.5,99.1,69.8
288,0,C,20.7,8.7,108.8,50.0
289,1,A,20.3,12.9,103.9,55.17
289,1,B,19.4,7.6,102.7,69.85
289,1,C,19.0,13.1,99.1,50.0
290,2,A,22.4,10.7,90.4,64.82
290,2,B,21.5,16.0,106.8,84.3
290,2,C,22.9,14.4,99.8,50.0
291,3,A,21.0,19.5,95.5,76.5
291,3,B,22.7,19.7,97.1,77.95
291,3,C,20.5,18.0,91.7,55.97
292,4,A,25.5,28.8,103.2,76.97
292,4,B,25.5,28.9,93.9,113.75
292,4,C,23.1,28.0,109.9,57.72
293,5,A,27.5,33.5,109.5,97.52
293,5,B,27.3,27.9,96.7,116.3
293,5,C,27.8,35.4,107.1,85.7
294,6,A,26.3,38.9,91.4,107.37
294,6,B,26.9,39.7,95.4,137.11
294,6,C,26.7,36.5,109.5,94.83
295,7,A,31.9,47.2,95.6,137.45
295,7,B,29.4,45.8,94.7,159.67
295,7,C,29.1,46.3,103.5,97.06
296,8,A,30.8,58.1,92.9,142.25
296,8,B,33.5,51.5,91.7,190.37
296,8,C,31.2,55.6,106.1,110.67
297,9,A,34.0,61.3,92.9,161.91
297,9,B,32.8,61.1,91.6,205.42
297,9,C,32.9,64.4,91.1,125.8
298,10,A,34.8,68.2,101.5,172.71
298,10,B,36.0,69.6,96.3,221.94
298,10,C,36.3,70.9,107.8,134.03
299,11,A,34.5,68.9,104.8,175.06
299,11,B,35.7,72.4,97.2,237.9
299,11,C,35.4,67.3,99.1,144.72
300,12,A,34.5,67.0,109.0,170.76
300,12,B,36.3,70.8,99.8,235.36
300,12,C,34.9,70.5,97.4,144.55
301,13,A,34.3,69.7,93.7,170.68
301,13,B,34.6,65.8,106.5,222.26
301,13,C,37.4,73.7,101.4,135.61
302,14,A,34.4,69.0,97.3,160.9
302,14,B,35.2,69.4,105.9,211.98
302,14,C,35.6,63.2,94.4,141.79
303,15,A,32.7,58.8,90.0,166.19
303,15,B,34.8,62.5,105.0,198.73
303,15,C,33.5,59.7,91.9,127.12
304,16,A,33.7,50.4,95.8,141.0
304,16,B,31.0,59.1,99.4,188.27
304,16,C,33.0,51.5,99.7,116.08
305,17,A,30.5,52.8,105.4,128.74
305,17,B,31.4,44.5,90.6,162.91
305,17,C,29.4,47.9,102.3,110.75
306,18,A,28.0,40.0,91.0,104.7
306,18,B,28.2,39.4,106.8,139.51
306,18,C,26.1,39.5,94.7,83.23
307,19,A,26.8,28.4,102.2,93.49
307,19,B,24.6,31.0,106.0,123.0
307,19,C,26.9,28.5,105.5,74.13
308,20,A,24.7,25.7,108.6,80.1
308,20,B,22.3,20.2,106.5,106.14
308,20,C,25.1,22.3,96.9,58.52
309,21,A,24.2,20.5,108.7,64.98
309,21,B,22.8,20.6,96.4,98.72
309,21,C,24.1,22.6,104.8,52.14
310,22,A,20.2,18.7,90.2,62.46
310,22,B,21.9,15.2,109.8,71.79
310,22,C,20.4,9.8,98.9,50.0
311,23,A,19.6,14.4,108.7,50.0
311,23,B,19.8,15.3,91.2,56.93
311,23,C,18.9,12.0,93.0,50.0
312,0,A,19.8,10.0,94.9,50.0
312,0,B,20.6,12.5,105.1,67.42
312,0,C,21.6,13.2,105.1,50.0
313,1,A,18.3,8.1,103.3,50.0
313,1,B,19.9,14.9,107.9,78.23
313,1,C,19.5,12.9,95.4,50.0
314,2,A,19.8,12.4,98.6,64.56
314,2,B,19.6,16.4,100.6,69.68
314,2,C,21.0,12.0,101.9,50.0
315,3,A,21.0,15.0,100.9,76.12
315,3,B,21.7,21.1,103.2,100.17
315,3,C,23.6,19.5,103.1,61.87
316,4,A,23.6,23.3,90.2,88.33
316,4,B,25.2,21.0,101.5,106.44
316,4,C,22.5,29.8,94.3,58.08
317,5,A,26.3,34.6,90.6,100.8
317,5,B,26.1,28.3,93.5,128.54
317,5,C,25.1,36.6,106.4,85.35
318,6,A,27.0,44.7,98.6,110.45
318,6,B,26.2,35.5,103.8,145.94
318,6,C,26.9,41.1,95.1,92.0
319,7,A,29.5,51.0,106.4,129.83
319,7,B,29.5,46.4,106.1,164.9
319,7,C,28.9,43.6,99.3,103.7
320,8,A,33.4,52.2,97.6,152.87
320,8,B,33.3,53.8,99.2,185.53
320,8,C,33.7,51.2,108.7,120.42
321,9,A,33.8,56.5,99.5,157.48
321,9,B,32.3,62.8,109.4,207.77
321,9,C,34.5,56.9,98.4,121.6
322,10,A,35.4,70.4,103.2,161.2
322,10,B,34.3,66.5,98.1,228.52
322,10,C,36.2,67.1,97.5,132.13
323,11,A,34.2,67.5,98.3,178.57
323,11,B,36.4,64.7,97.9,220.73
323,11,C,34.4,72.3,90.8,138.83
324,12,A,34.7,73.8,101.1,171.98
324,12,B,36.0,72.3,109.2,224.13
324,12,C,37.5,74.3,108.3,145.17
325,13,A,36.2,68.0,105.0,176.68
325,13,B,36.4,68.3,104.6,237.44
325,13,C,34.3,72.3,100.8,145.6
326,14,A,34.7,64.8,108.3,164.33
326,14,B,36.3,65.8,100.3,216.17
326,14,C,35.2,64.2,90.8,132.0
327,15,A,31.7,66.0,109.3,156.18
327,15,B,34.6,59.7,103.4,215.59
327,15,C,35.4,60.2,105.7,124.36
328,16,A,34.0,50.3,102.1,150.19
328,16,B,32.8,51.2,108.8,182.03
328,16,C,32.5,52.2,96.1,117.74
329,17,A,29.7,44.4,93.4,128.74
329,17,B,31.1,51.7,91.7,167.62
329,17,C,28.5,42.9,103.2,105.46
330,18,A,26.7,37.3,90.5,120.05
330,18,B,29.9,36.4,94.6,159.01
330,18,C,29.7,39.2,91.0,84.51
331,19,A,26.2,31.2,90.6,99.24
331,19,B,24.0,35.1,96.1,113.46
331,19,C,26.3,31.2,109.5,78.8
332,20,A,23.1,27.1,95.4,89.63
332,20,B,23.5,25.5,91.0,104.35
332,20,C,25.3,28.1,94.5,61.74
333,21,A,23.6,23.1,91.9,68.37
333,21,B,21.7,22.5,91.7,81.44
333,21,C,23.4,14.3,99.9,54.49
334,22,A,20.4,13.0,100.6,51.47
334,22,B,21.4,17.1,105.2,67.36
334,22,C,19.7,11.7,97.2,50.0
335,23,A,21.0,6.6,90.7,50.38
335,23,B,21.1,8.0,102.8,62.13
335,23,C,21.8,15.0,95.9,50.0
336,0,A,19.6,7.4,103.4,56.32
336,0,B,20.7,13.2,97.9,56.52
336,0,C,21.0,8.6,103.4,50.0
337,1,A,18.6,15.9,93.1,61.11
337,1,B,22.2,14.0,103.2,71.11
337,1,C,21.7,8.9,99.4,50.0
338,2,A,20.7,13.3,96.6,59.67
338,2,B,22.5,11.0,108.7,81.99
338,2,C,22.4,14.6,105.6,50.0
339,3,A,23.6,14.2,107.8,79.21
339,3,B,21.5,15.9,105.3,82.4
339,3,C,23.8,14.8,92.5,63.25
340,4,A,24.7,28.5,96.5,85.88
340,4,B,24.4,26.0,103.7,108.82
340,4,C,23.7,22.8,105.4,61.1
341,5,A,26.7,29.6,102.5,102.76
341,5,B,24.8,27.8,92.6,128.69
341,5,C,27.3,27.7,104.7,75.96
342,6,A,27.9,44.3,96.6,113.26
342,6,B,26.1,35.8,95.2,134.69
342,6,C,28.5,39.3,101.0,86.19
343,7,A,29.3,49.4,109.3,121.19
343,7,B,31.6,48.5,101.3,170.74
343,7,C,28.3,43.7,102.0,101.2
344,8,A,33.7,54.1,92.9,151.14
344,8,B,31.2,55.3,104.0,199.69
344,8,C,33.2,56.8,103.6,124.41
345,9,A,32.8,56.2,95.4,153.18
345,9,B,34.3,62.6,101.9,194.87
345,9,C,34.6,59.4,103.3,128.69
346,10,A,34.3,62.3,91.9,175.74
346,10,B,36.6,67.5,92.1,218.79
346,10,C,35.8,68.8,92.4,127.89
347,11,A,36.6,67.5,95.1,166.51
347,11,B,35.9,72.5,109.2,230.39
347,11,C,35.8,64.8,101.0,138.76
348,12,A,36.4,68.9,94.8,170.1
348,12,B,35.3,66.0,93.5,243.62
348,12,C,35.8,70.3,107.5,150.25
349,13,A,36.1,72.1,96.5,172.12
349,13,B,35.3,70.7,103.6,223.48
349,13,C,34.3,70.3,92.6,141.34
350,14,A,35.7,68.0,105.1,177.27
350,14,B,34.9,68.3,102.4,212.09
350,14,C,33.0,63.8,98.9,136.64
351,15,A,35.1,58.2,92.5,169.25
351,15,B,32.1,61.0,101.7,207.1
351,15,C,32.0,56.8,92.1,128.11
352,16,A,32.2,52.3,102.8,152.5
352,16,B,30.2,55.0,103.8,182.19
352,16,C,31.2,56.1,108.0,121.44
353,17,A,30.4,50.1,97.3,133.55
353,17,B,29.9,44.7,104.0,171.09
353,17,C,29.5,51.9,90.4,101.28
354,18,A,26.2,42.7,104.0,109.73
354,18,B,28.7,39.0,105.1,147.46
354,18,C,27.6,44.3,95.0,84.97
355,19,A,26.3,36.9,97.6,88.86
355,19,B,25.3,32.3,93.2,130.37
355,19,C,27.9,31.8,97.1,77.15
356,20,A,22.5,28.8,98.3,79.0
356,20,B,24.6,24.4,103.0,95.59
356,20,C,25.3,29.4,103.0,73.39
357,21,A,20.9,18.6,102.0,69.66
357,21,B,21.9,17.2,92.5,86.27
357,21,C,21.0,21.1,94.2,50.0
358,22,A,21.3,15.0,107.4,60.23
358,22,B,20.5,17.0,100.8,64.84
358,22,C,21.3,18.1,97.9,50.0
359,23,A,18.8,7.5,98.7,53.36
359,23,B,18.6,15.4,105.1,69.0
359,23,C,21.6,6.8,99.5,50.0
360,0,A,21.3,12.8,95.5,59.47
360,0,B,18.5,13.8,109.4,55.63
360,0,C,20.9,5.4,98.1,50.0
361,1,A,20.6,15.4,103.4,51.97
361,1,B,21.5,15.5,90.4,81.18
361,1,C,18.6,14.2,95.6,50.0
362,2,A,20.8,15.5,97.6,50.0
362,2,B,21.5,18.0,97.7,69.05
362,2,C,20.8,9.5,106.4,51.97
363,3,A,22.7,17.3,106.0,70.02
363,3,B,23.6,20.1,105.7,92.75
363,3,C,22.0,23.4,100.8,56.54
364,4,A,22.9,26.3,101.4,75.15
364,4,B,22.2,26.0,105.3,106.04
364,4,C,22.9,26.7,91.6,64.23
365,5,A,24.6,29.1,94.0,94.5
365,5,B,24.1,31.2,100.2,125.04
365,5,C,25.5,35.6,92.9,77.87
366,6,A,26.2,35.7,101.5,114.42
366,6,B,29.5,40.6,109.2,137.44
366,6,C,26.4,35.4,93.7,91.22
367,7,A,30.7,43.2,108.9,137.72
367,7,B,29.3,43.5,93.4,159.53
367,7,C,28.6,48.0,94.9,101.59
368,8,A,34.0,56.8,109.0,139.85
368,8,B,31.5,55.5,91.5,176.58
368,8,C,32.7,56.4,98.2,116.91
369,9,A,33.3,56.5,96.7,152.62
369,9,B,32.1,65.8,102.0,211.96
369,9,C,32.9,60.1,94.7,120.65
370,10,A,33.6,69.0,103.6,169.7
370,10,B,34.8,70.2,91.5,214.47
370,10,C,34.3,68.8,109.9,131.14
371,11,A,37.2,72.3,94.5,174.54
371,11,B,35.4,73.8,93.6,236.13
371,11,C,35.1,71.3,98.4,141.66
372,12,A,37.3,73.0,107.3,169.84
372,12,B,36.8,66.4,98.3,233.18
372,12,C,35.6,70.2,109.9,136.4
373,13,A,36.4,67.9,92.7,169.33
373,13,B,37.5,72.8,108.1,242.5
373,13,C,34.6,67.5,103.4,139.95
374,14,A,34.6,64.6,101.9,170.77
374,14,B,33.6,65.7,101.1,221.22
374,14,C,33.8,68.4,90.5,132.77
375,15,A,34.8,61.9,95.2,163.73
375,15,B,33.9,64.2,104.7,210.05
375,15,C,33.6,57.5,95.2,126.09
376,16,A,32.4,55.1,95.8,136.33
376,16,B,32.0,52.9,104.7,177.42
376,16,C,32.3,59.4,93.5,116.47
377,17,A,28.4,49.0,101.0,127.88
377,17,B,30.2,51.7,93.9,157.4
377,17,C,31.5,48.5,107.8,106.57
378,18,A,29.2,39.3,105.0,122.86
378,18,B,28.3,36.8,95.4,140.56
378,18,C,27.0,38.1,101.1,92.21
379,19,A,25.6,33.4,91.6,89.03
379,19,B,24.6,32.4,94.3,120.17
379,19,C,25.5,35.4,90.3,80.17
380,20,A,24.7,28.0,108.7,72.75
380,20,B,22.6,28.9,99.2,107.37
380,20,C,24.7,26.8,108.6,73.83
381,21,A,23.2,16.7,107.6,60.16
381,21,B,21.3,22.8,95.1,81.43
381,21,C,20.9,22.4,100.0,57.22
382,22,A,20.0,16.6,105.2,54.29
382,22,B,20.7,11.1,109.5,79.69
382,22,C,22.8,12.1,105.6,51.8
383,23,A,21.0,15.7,97.9,50.0
383,23,B,21.0,13.3,101.5,60.69
383,23,C,20.3,9.1,98.5,50.0
384,0,A,21.0,7.3,98.1,50.0
384,0,B,18.8,12.8,108.2,60.85
384,0,C,21.0,14.0,106.9,50.0
385,1,A,22.1,9.8,96.8,50.0
385,1,B,20.2,7.1,95.0,63.03
385,1,C,21.5,14.8,96.0,50.0
386,2,A,22.5,16.7,92.9,63.09
386,2,B,22.9,15.8,96.6,77.35
386,2,C,21.7,14.1,92.4,50.0
387,3,A,23.6,22.4,92.7,78.42
387,3,B,21.7,20.4,105.0,97.06
387,3,C,24.1,16.9,107.2,50.0
388,4,A,24.8,27.4,103.6,77.45
388,4,B,25.5,21.7,91.1,113.23
388,4,C,23.9,28.5,97.7,60.25
389,5,A,27.3,32.7,93.8,102.53
389,5,B,26.0,33.3,99.2,135.26
389,5,C,27.2,34.3,92.1,83.88
390,6,A,28.7,42.0,97.3,121.94
390,6,B,28.9,36.1,98.2,158.83
390,6,C,26.2,44.6,103.6,92.58
391,7,A,29.2,45.3,108.8,126.09
391,7,B,31.2,46.7,92.8,157.75
391,7,C,30.2,52.5,97.4,102.22
392,8,A,31.4,55.2,98.8,153.3
392,8,B,32.0,55.1,92.8,202.35
392,8,C,31.0,50.7,103.3,117.93
393,9,A,33.3,60.4,105.7,152.99
393,9,B,34.9,62.7,98.4,206.75
393,9,C,32.7,63.7,100.3,124.15
394,10,A,35.3,70.9,98.7,178.03
394,10,B,34.3,61.5,94.1,217.73
394,10,C,33.8,61.0,108.3,140.59
395,11,A,36.7,65.7,92.4,167.66
395,11,B,36.6,73.3,98.6,219.23
395,11,C,35.8,67.5,97.5,142.63
396,12,A,36.9,66.1,90.7,188.34
396,12,B,34.9,65.5,93.8,218.7
396,12,C,35.6,73.0,96.8,141.35
397,13,A,36.4,69.1,107.2,183.48
397,13,B,33.8,71.8,99.2,240.02
397,13,C,35.7,73.8,105.1,136.62
398,14,A,35.1,70.9,107.2,161.46
398,14,B,35.8,64.4,90.1,218.31
398,14,C,33.9,69.2,96.7,140.37
399,15,A,31.7,59.3,94.8,152.95
399,15,B,31.9,58.1,101.1,200.46
399,15,C,33.3,60.0,107.5,133.75
400,16,A,32.0,53.3,92.1,155.07
400,16,B,30.2,53.0,96.0,183.96
400,16,C,30.7,57.8,92.4,118.44
401,17,A,28.6,43.5,108.2,123.63
401,17,B,31.4,48.2,91.6,182.44
401,17,C,29.1,51.4,93.4,109.73
402,18,A,26.1,40.1,105.4,121.75
402,18,B,29.6,43.2,107.8,141.42
402,18,C,27.1,37.9,97.5,89.13
403,19,A,26.1,28.8,103.8,90.87
403,19,B,25.2,32.3,105.9,132.42
403,19,C,26.5,28.8,100.9,71.58
404,20,A,23.5,24.1,90.8,77.23
404,20,B,25.8,29.5,97.0,95.89
404,20,C,22.7,23.9,109.0,59.34
405,21,A,23.4,14.9,109.6,66.91
405,21,B,23.4,17.2,102.6,82.05
405,21,C,20.9,23.2,108.4,60.62
406,22,A,21.6,17.1,91.4,55.53
406,22,B,20.3,15.4,97.1,66.51
406,22,C,21.5,17.2,97.6,50.0
407,23,A,19.1,8.4,96.0,54.45
407,23,B,20.7,13.0,97.3,76.54
407,23,C,19.1,10.7,106.0,50.0
408,0,A,18.4,13.8,96.9,52.88
408,0,B,18.1,11.9,96.3,52.21
408,0,C,20.4,7.4,97.7,50.0
409,1,A,18.9,9.0,91.8,59.71
409,1,B,18.3,10.9,92.5,61.55
409,1,C,22.0,7.6,109.3,50.0
410,2,A,22.0,14.5,107.7,60.12
410,2,B,21.2,11.0,93.3,87.06
410,2,C,20.4,12.7,105.2,50.0
411,3,A,24.2,21.2,101.9,77.29
411,3,B,20.5,16.4,99.3,81.07
411,3,C,23.3,23.0,98.5,52.85
412,4,A,25.8,24.4,99.8,79.93
412,4,B,25.6,25.7,105.2,115.75
412,4,C,23.4,24.3,107.0,63.17
413,5,A,27.1,36.6,102.5,102.85
413,5,B,27.1,35.7,97.9,115.76
413,5,C,25.5,34.0,99.0,81.76
414,6,A,27.4,41.3,93.7,118.69
414,6,B,28.2,37.0,95.8,154.79
414,6,C,27.9,37.2,109.3,94.6
415,7,A,31.9,47.0,99.5,139.44
415,7,B,30.2,49.8,95.0,168.43
415,7,C,28.6,44.8,90.0,96.49
416,8,A,33.9,52.4,103.3,153.73
416,8,B,32.2,51.5,104.6,192.54
416,8,C,32.9,57.7,109.5,118.34
417,9,A,33.0,62.7,91.4,166.87
417,9,B,32.1,59.5,106.3,208.55
417,9,C,33.2,60.9,107.1,124.66
418,10,A,36.4,61.9,105.5,177.11
418,10,B,33.7,65.3,93.3,224.83
418,10,C,35.1,67.3,93.9,131.0
419,11,A,33.9,67.2,101.2,182.06
419,11,B,36.4,68.3,109.1,234.7
419,11,C,37.4,69.3,95.2,134.17
420,12,A,36.9,66.2,96.1,179.1
420,12,B,36.3,71.0,93.3,228.47
420,12,C,36.5,74.7,104.6,149.36
421,13,A,36.8,69.9,93.8,179.69
421,13,B,36.2,70.0,99.8,229.62
421,13,C,35.1,69.2,94.0,145.29
422,14,A,33.7,61.8,98.7,171.98
422,14,B,34.7,63.7,101.2,216.13
422,14,C,36.7,70.2,100.0,133.5
423,15,A,34.6,56.6,99.5,156.45
423,15,B,35.3,56.3,101.1,214.36
423,15,C,33.6,57.1,109.4,127.67
424,16,A,32.5,52.4,99.7,144.83
424,16,B,30.3,51.1,106.7,181.93
424,16,C,30.8,55.0,105.4,109.31
425,17,A,30.4,44.0,90.7,121.78
425,17,B,31.4,43.9,90.9,168.98
425,17,C,31.4,45.4,98.4,97.62
426,18,A,27.8,40.8,101.4,110.55
426,18,B,27.3,36.1,97.3,137.33
426,18,C,29.1,44.7,109.4,97.48
427,19,A,26.3,34.2,95.7,100.24
427,19,B,25.8,32.1,105.2,120.91
427,19,C,25.2,36.5,91.1,77.43
428,20,A,25.7,26.1,100.9,77.84
428,20,B,23.4,28.5,101.2,106.59
428,20,C,22.4,20.2,109.3,62.99
429,21,A,22.8,14.6,103.7,77.62
429,21,B,22.6,15.0,101.6,96.46
429,21,C,22.0,22.6,103.0,61.25
430,22,A,21.6,10.3,96.2,52.87
430,22,B,22.7,16.6,103.5,72.03
430,22,C,19.8,16.6,99.5,50.0
431,23,A,20.7,6.4,96.5,51.77
431,23,B,18.9,15.9,94.2,57.33
431,23,C,19.1,13.7,98.5,50.0
432,0,A,18.1,5.3,98.9,55.38
432,0,B,21.5,5.9,100.8,76.72
432,0,C,19.6,13.3,92.7,50.0
433,1,A,21.3,15.4,103.5,50.0
433,1,B,22.0,8.8,96.6,74.18
433,1,C,21.3,15.3,94.1,50.0
434,2,A,22.0,9.7,97.7,54.69
434,2,B,20.3,18.8,102.9,81.3
434,2,C,23.0,12.8,106.0,50.0
435,3,A,23.8,15.6,109.0,63.85
435,3,B,21.6,21.3,97.9,91.7
435,3,C,22.1,21.2,94.6,50.0
436,4,A,23.2,24.7,93.4,78.7
436,4,B,23.6,20.6,101.7,116.33
436,4,C,22.6,26.0,103.3,63.75
437,5,A,26.7,31.3,100.1,87.97
437,5,B,26.7,33.8,90.8,123.74
437,5,C,27.8,31.4,100.0,85.26
438,6,A,28.9,40.8,106.0,121.74
438,6,B,27.8,39.8,97.7,160.2
438,6,C,28.8,35.8,107.3,91.21
439,7,A,28.3,48.3,98.3,137.23
439,7,B,28.9,51.0,101.2,157.39
439,7,C,32.0,47.9,95.8,104.73
440,8,A,33.4,53.0,93.9,139.28
440,8,B,31.2,57.8,99.4,182.19
440,8,C,30.7,53.3,108.8,113.77
441,9,A,35.6,61.1,93.6,168.05
441,9,B,33.5,63.3,109.7,195.23
441,9,C,32.0,63.4,95.6,121.69
442,10,A,33.1,61.2,105.5,161.2
442,10,B,34.8,67.0,98.6,207.87
442,10,C,36.1,61.1,105.2,142.3
443,11,A,35.5,69.3,99.5,173.49
443,11,B,37.3,72.9,96.7,232.58
443,11,C,37.4,73.6,100.2,140.57
444,12,A,35.1,74.6,92.9,179.15
444,12,B,35.1,67.8,98.1,243.78
444,12,C,34.2,70.8,91.7,136.15
445,13,A,35.5,69.1,95.2,172.03
445,13,B,34.1,67.0,109.3,239.07
445,13,C,35.1,69.7,108.2,132.5
446,14,A,36.2,70.5,91.8,163.29
446,14,B,36.8,66.4,90.3,215.17
446,14,C,34.7,67.9,104.7,143.38
447,15,A,32.8,61.6,100.7,156.94
447,15,B,32.3,66.0,107.1,206.11
447,15,C,34.1,58.5,100.9,130.7
448,16,A,32.1,59.9,102.2,143.47
448,16,B,33.1,51.7,97.7,186.54
448,16,C,31.7,57.8,99.7,121.38
449,17,A,30.4,46.2,106.2,125.49
449,17,B,29.0,47.8,95.2,156.27
449,17,C,30.7,47.9,98.9,112.17
450,18,A,28.3,43.6,92.8,115.53
450,18,B,29.5,40.8,104.4,145.85
450,18,C,26.4,39.6,97.9,96.43
451,19,A,24.9,36.9,109.2,91.87
451,19,B,25.3,36.2,109.3,124.79
451,19,C,25.2,32.5,103.8,74.03
452,20,A,24.9,20.5,91.0,80.18
452,20,B,23.4,23.2,99.8,101.55
452,20,C,22.8,23.1,109.5,63.7
453,21,A,22.1,19.6,109.7,63.46
453,21,B,23.1,20.9,102.1,79.16
453,21,C,23.1,14.4,101.9,59.13
454,22,A,19.9,17.4,90.6,64.86
454,22,B,20.9,11.2,92.7,87.82
454,22,C,19.4,11.0,97.0,50.0
455,23,A,20.5,7.3,95.8,50.0
455,23,B,19.1,10.1,104.1,59.73
455,23,C,19.7,9.9,109.5,50.0
456,0,A,21.2,7.4,91.4,50.0
456,0,B,19.1,10.1,105.6,73.73
456,0,C,21.4,8.6,103.7,50.0
457,1,A,18.5,13.0,90.2,50.0
457,1,B,19.6,13.0,105.3,62.3
457,1,C,21.5,9.0,98.9,50.0
458,2,A,21.8,18.9,94.5,62.18
458,2,B,21.5,18.2,93.1,82.97
458,2,C,21.3,11.8,99.5,50.0
459,3,A,22.7,22.7,101.4,71.56
459,3,B,22.4,14.3,94.7,89.2
459,3,C,21.6,15.6,100.1,51.86
460,4,A,23.0,24.6,92.7,90.05
460,4,B,25.5,27.1,92.1,114.75
460,4,C,25.2,27.7,92.3,68.38
461,5,A,27.3,33.0,102.9,97.29
461,5,B,26.0,27.6,102.8,115.83
461,5,C,25.7,30.2,100.9,71.99
462,6,A,28.8,43.0,93.3,106.49
462,6,B,26.6,43.8,100.6,146.44
462,6,C,26.4,41.5,107.4,95.81
463,7,A,30.6,43.5,92.2,121.82
463,7,B,29.1,44.1,95.2,166.11
463,7,C,31.8,48.9,106.7,108.51
464,8,A,30.5,57.4,95.5,148.03
464,8,B,31.4,60.0,95.3,183.67
464,8,C,33.7,50.2,103.9,121.09
465,9,A,35.0,66.0,109.5,151.23
465,9,B,34.9,62.7,102.9,198.18
465,9,C,34.3,66.0,108.2,126.69
466,10,A,33.1,64.6,106.5,172.54
466,10,B,34.8,61.5,98.5,219.36
466,10,C,36.6,67.4,96.2,136.61
467,11,A,34.0,73.7,97.2,174.51
467,11,B,35.1,70.8,103.2,233.76
467,11,C,34.8,67.1,92.5,142.77
468,12,A,34.2,71.0,107.4,184.92
468,12,B,35.8,69.6,91.5,235.71
468,12,C,37.3,67.4,98.4,148.34
469,13,A,37.2,66.4,101.0,170.41
469,13,B,34.1,73.1,106.4,234.27
469,13,C,33.9,72.4,98.8,137.4
470,14,A,35.1,61.9,105.1,171.16
470,14,B,33.7,62.9,93.7,207.94
470,14,C,35.3,69.4,90.3,128.47
471,15,A,33.9,64.4,96.5,156.37
471,15,B,34.0,59.0,90.5,213.37
471,15,C,34.2,62.0,104.8,130.42
472,16,A,30.8,53.5,92.5,138.0
472,16,B,32.7,58.6,109.3,193.59
472,16,C,30.7,51.1,106.3,117.54
473,17,A,30.5,50.6,104.1,137.47
473,17,B,28.3,50.2,107.0,163.02
473,17,C,30.6,45.9,109.2,97.2
474,18,A,28.3,36.7,104.2,107.67
474,18,B,26.9,39.9,108.3,139.99
474,18,C,26.6,42.6,100.0,97.23
475,19,A,24.5,33.7,94.7,89.86
475,19,B,26.7,33.2,105.1,122.21
475,19,C,25.7,31.3,109.7,74.53
476,20,A,23.2,23.5,101.3,76.65
476,20,B,25.7,22.7,107.9,97.4
476,20,C,24.6,29.1,93.4,73.33
477,21,A,22.2,23.2,103.5,64.71
477,21,B,21.1,16.8,91.9,79.3
477,21,C,20.8,18.0,105.9,50.0
478,22,A,19.6,15.5,93.9,50.0
478,22,B,19.7,18.3,106.4,71.46
478,22,C,21.7,14.4,103.5,50.03
479,23,A,20.8,8.7,90.8,51.56
479,23,B,21.8,11.7,106.6,81.61
479,23,C,18.9,12.9,103.5,50.0
480,0,A,21.9,11.9,94.9,56.92
480,0,B,18.4,12.8,108.2,60.91
480,0,C,20.5,9.3,98.8,50.0
481,1,A,21.3,15.4,108.8,50.0
481,1,B,21.8,13.4,95.1,57.58
481,1,C,19.3,15.1,102.7,50.0
482,2,A,20.1,16.2,90.6,55.59
482,2,B,21.6,10.5,106.5,69.6
482,2,C,21.7,13.1,101.9,50.0
483,3,A,20.4,22.9,95.4,74.17
483,3,B,24.3,15.9,95.3,94.88
483,3,C,24.2,22.9,100.1,60.46
484,4,A,22.5,29.8,109.3,74.52
484,4,B,23.2,21.0,95.4,114.29
484,4,C,23.5,20.9,96.8,73.1
485,5,A,26.4,31.4,93.3,107.39
485,5,B,27.2,30.1,91.4,115.96
485,5,C,24.4,33.0,108.6,77.28
486,6,A,29.4,39.5,104.2,119.34
486,6,B,26.7,38.6,102.7,136.19
486,6,C,27.4,40.3,109.9,90.55
487,7,A,31.3,47.1,105.9,133.09
487,7,B,31.6,46.9,102.1,174.11
487,7,C,29.7,44.2,91.9,96.57
488,8,A,33.5,52.4,94.2,151.47
488,8,B,31.3,55.1,93.3,201.3
488,8,C,33.4,58.6,98.1,121.56
489,9,A,32.2,56.3,90.4,160.26
489,9,B,33.5,61.4,90.1,204.92
489,9,C,34.5,60.6,104.6,123.47
490,10,A,36.2,66.9,94.2,164.8
490,10,B,35.4,69.3,98.3,214.28
490,10,C,36.4,67.7,99.0,135.94
491,11,A,34.5,70.2,97.2,185.12
491,11,B,35.6,68.8,101.3,239.32
491,11,C,36.9,68.5,104.4,142.5
492,12,A,36.0,66.9,99.3,172.92
492,12,B,37.7,68.4,109.0,233.36
492,12,C,36.5,70.4,92.6,140.61
493,13,A,34.1,70.2,98.9,180.57
493,13,B,34.6,65.6,98.1,238.92
493,13,C,36.6,68.2,100.3,134.35
494,14,A,36.9,67.6,95.7,172.13
494,14,B,33.4,70.6,93.5,223.11
494,14,C,33.9,68.2,105.5,137.9
495,15,A,34.1,65.1,91.6,156.09
495,15,B,32.7,66.1,97.8,212.46
495,15,C,34.4,58.3,94.8,124.2
496,16,A,31.6,52.3,90.4,153.39
496,16,B,33.9,53.4,96.8,178.22
496,16,C,32.7,58.3,92.9,111.63
497,17,A,31.2,48.9,90.9,133.58
497,17,B,29.3,46.5,105.4,177.32
497,17,C,29.7,52.2,98.1,108.65
498,18,A,27.9,44.0,108.2,105.7
498,18,B,29.7,43.3,105.8,141.53
498,18,C,29.2,43.5,95.8,98.92
499,19,A,24.1,28.7,100.8,98.04
499,19,B,26.5,27.4,109.2,115.2
499,19,C,24.5,27.4,101.3,84.29
500,20,A,24.7,28.2,90.3,83.19
500,20,B,23.8,25.0,91.4,111.27
500,20,C,24.0,27.7,99.7,59.99
